{
    "fieldLabel": {
        "subsidiary": "子公司",
        "vatinvoicetype": "增值税发票类型",
        "datefrom": "日期自",
        "dateto": "至",
        "trantype": "事务处理类型",
        "docnumfrom": "单据编号自",
        "docnumto": "至",
        "refresh": "刷新",
        "exporttxt": "导出",
        "customer": "客户",
        "specialinvoice": "增值税专用发票",
        "commoninvoice": "增值税普通发票",
        "generaltaxpayer": "增值税一般纳税人",
        "smalltaxpayer": "增值税小规模纳税人",
        "trantypeinvoice": "发票",
        "trantypecashsale": "现金交易",
        "trantypecreditmemo": "贷项通知单",
        "selectionanyof": "任何",
        "selectionnoneof": "没有",
        "title": "生成中国增值税事务处理",
        "editTitle": "中国增值税事务处理",
        "fileupload": "上传文件",
        "import": "导入",
        "importtxt": "导入",
        "back": "返回",
        "importtitle": "导入中国增值税发票",
        "trantypecashrefund": "现金交易退款",
        "tabLabel": "中国增值税",
        "sublistLabel": "增值税发票",
        "vatStatus": "开票状态",
        "vatInvoiceCode": "发票代码",
        "vatInvoiceNum": "发票号码",
        "vatInvoiceDate": "开票日期",
        "vatInvoiceTaxAmount": "合计税额",
        "vatInvoiceTaxExclusiveAmount": "不含税金额",
        "freight": "运费",
        "handling": "手续费",
        "saleslist": "启用销货清单",
        "yes": "是",
        "no": "否",
        "itemnameforsales": "详见销货清单",
        "edittxt": "合并",
        "editCancel": "取消",
        "editSave": "保存"
    },
    "subtab": {
        "transactionsHeader": "主要信息",
        "transactionsLines": "货品信息"
    },
    "exportfile": {
        "specialVATRemark": "开具红字增值税专用发票信息表编号{SheetNumber}",
        "commonVATRemark": "对应正数发票代码{VATCode}号码{VATNumber}"
    },
    "tableHeader": {
        "transactions": "事务处理",
        "internalId": "内部标识",
        "tranType": "事务处理类型",
        "docNum": "单据编号",
        "docDate": "单据日期",
        "lineQuantity": "行数",
        "customerName": "客户名称",
        "taxRegisNum": "客户纳税人识别号",
        "addressAndPhone": "客户地址、电话",
        "bankAccount": "客户开户行及账号",
        "remark": "备注",
        "itemNameForSale": "清单行商品名称",
        "message": "消息",
        "CustInvc": "发票",
        "CashSale": "现金交易",
        "CustCred": "贷项通知单",
        "CashRfnd": "现金交易退款",
        "status": "状态",
        "type": "事务处理类型",
        "taxExclusiveAmount": "不含税金额",
        "amountAfterDiscount": "折后金额"
    },
    "button": {
        "merge": "合并",
        "unmerge": "取消合并",
        "select": "选择"
    },
    "itemHeader": {
        "items": "货品",
        "itemName": "货物名称",
        "uom": "单位",
        "model": "规格型号",
        "quantity": "数量",
        "amount": "不含税金额",
        "unitPrice": "单价",
        "taxRate": "税率",
        "discountAmount": "折扣金额",
        "subsidiary": "Subsidiary"
    },
    "errorMessage": {
        "loading": "数据加载中...",
        "Error": "错误",
        "noFileSelected": "请提供用于上传的有效文件。",
        "fileNotTxt": "无效文件格式，请选择要上传的 TXT文件。",
        "invalidFormat": "文件格式错误。请选择正确的增值税发票文件格式。",
        "internalIdCannotFound": "无增值税发票 {Internal ID} 对应的事务处理。<br/>",
        "sameVatInfo": "相同的增值税发票 {Internal ID} 已被导入。<br/>",
        "noAppliedVAT": "无效格式。请先核销对应的正向增值税发票。",
        "moreThanOneAppliedVAT": "该贷项通知单只能对应一个正数增值税发票。",
        "noVATInfo": "该发票无对应的正向增值税发票信息或备注栏格式不正确。",
        "noChinaSubsidiary": "无子公司归属于中国，请访问“<b>设置 > 公司 >子公司</b>”进行设置。",
        "noChinaSubsidiarySI": "公司不归属于中国。",
        "invalidDate": "起始日期须早于截至日期。",
        "fieldMissing": "发票必须字段 <b>{Field}</b>缺失。",
        "invalidCashSale": "现金交易编号错误或者不存在。",
        "invalidCashRefund": "该现金交易已退款。",
        "noDataExport": "没有与搜索条件匹配的结果。",
        "invalidSheetNo": "请维护正确的16位红字增值税专用发票信息表编号。",
        "exsitedSheetNo": "该红字增值税专用发票信息表编号已存在。",
        "invalidInvoiceType": "小规模纳税人不能开增值税专用发票。",
        "customerName": "客户名称",
        "customerTaxRegistrationNumber": "客户纳税人识别号",
        "customerAddressandPhoneNumber": "客户地址、电话",
        "customerBankAccount": "客户开户行及账号",
        "quantity": "数量",
        "invalidQuantity": "数量或者金额与所要开具的增值税发票不符。",
        "invalidAmount": "折扣金额不能大于不含税金额。",
        "expExceedGovernance": "所查询的数据超出限制。",
        "impExceedGovernance": "增值税发票超出限制，请从增值税发票{Internal ID} 开始重新导入文件。",
        "pageTimeout": "导出请求超时。 ",
        "vatNumberExceed": "增值税发票超出限制，请导入不超过50张发票的文件。",
        "noEditableData":"没有有效的可编辑数据，请查看消息内容并编辑事务处理后重试。",
        "sheetNoIsBlank":"该发票无红字发票信息表编号或备注栏格式不正确。"
    },
    "warningMessage": {
        "warning": "警告",
        "invoiceEditWarningTitle": "编辑警告",
        "invoiceEditWarning": "该事务处理已导出开具增值税发票。",
        "lengthExceed": "{fieldname} 超过{length}字符长度限制。",
        "okOrCancel": "点击<b>“取消”</b>停止导出，或点击<b>“确定”</b>继续导出。"
    },
    "summaryMessage": {
        "summaryLine": "<b>导入成功。</b><br/><br/>结果：<br/>{NumberA} 条成功<br/>{NumberB} 条失败<br/><br/>{DETAILS}"
    },
    "status": {
        "split": "已拆分",
        "consolidated": "已合并"
    }
}
