{
    "Accounting_Voucher": "Accounting Voucher",
    "Subsidiary": "Subsidiary",
    "Date": "Date",
    "Document_Number": "Document No.",
    "Transaction_Type": "Transaction Type",
    "Functional_Currency": "Functional Currency",
    "Voucher_Number": "Voucher No.",
    "Line_Number": "Line No.",
    "Line_Description": "Line Description",
    "Account_and_Description": "Account and Description",
    "Transaction_Currency": "Transaction Currency",
    "Rate": "Rate",
    "Debit": "Debit",
    "Credit": "Credit",
    "Total": "Total",
    "Created_by": "Created by",
    "Approved_by": "Approved by",
    "Post_by": "Posted by",
    "Creator": "Creator",
    "Approver": "Approver",
    "Poster": "Poster",
    "Attachment": "Attachment",
    "Page": "Page",
    "Posting_Period": "Posting Period",
    "Voucher_Printing_Report": "China Voucher Printing Report",
    "Refresh": "Refresh",
    "Print": "Print",
    "Company": "Company",
    "Voucher_No_From": "Voucher No From",
    "To": "To",
    "Period_From": "Period From",
    "Date_From": "Date From",
    "Select_Page": "Select Page",
    "Transactions_Per_Page": "Transactions Per Page",
    "Voucher_Setup": "Manage Creator/Approver/Poster",
    "Voucher_Setup_Subsidiary": "Subsidiary",
    "Voucher_Setup_Sublist": "Line",
    "Voucher_Setup_TranType": "Transaction Type",
    "Voucher_Setup_Type": "Type",
    "Voucher_Setup_User": "User",
    "Voucher_Setup_Start_Date": "Effective Date",
    "Voucher_Setup_End_Date": "End Date",
    "Voucher_Btn_Save": "Save",
    "Voucher_Btn_Cancel": "Cancel",
    "Print_Voucher": "Print Voucher",
    "Single_Currency": "Single Currency",
    "Multiple_Currencies": "Multiple Currencies",
    "Printing_Template": "Printing Template",
    "Print_Location":"PRINT LOCATION",
    "Print_Department":"PRINT DEPARTMENT",
    "Print_Class":"PRINT CLASS"
}
