{
    "Subsidiary": "Subsidiary",
	"Company": "Company",
    "Colon": ": ",
    "Refresh": "Refresh",
    "DateFrom": "Date From",
    "To": "To",
    "AccountFrom": "Account From",
    "sblg": "China Subledger",
    "Account": "Account",
	"Type": "Type",
	"DocumentNumber": "Document Number",
	"GLNumber": "GL#",
	"Date": "Date",
	"Memo": "Memo",
    "DebitAmount":"Debit",
    "CreditAmount":"Credit",
    "BalanceDirection":"Debit/Credit",
    "BalanceAmount":"Amount",
	"ClosingBalance":"Balance",
    "Debit":"Debit",
    "Credit":"Credit",
    "Balance":"Balanced",
	"OpeningBalance":"Opening Balance",
    "ReportTitle":"Subledger",
    "Currency":"Currency: ",
    "exportexcel": "Export Excel",
    "exportpdf": "Export PDF",
	"PrintBy": "Print By: ",
	"PrintTime": "Print Time: ",
	"Page": "Page: ",
    "MonthlyTotals": "Monthly Total",
    "YearlyTotals": "Yearly Total",
    "Total": "Total",
    "DocNumberNull": "None",
    "Location": "Location",
    "Department" : "Department",
    "Clasz" : "Class",
    "Consolidated" : "(Consolidated)"
}
