{
    "Accounting_Voucher": "记账凭证",
    "Subsidiary": "子公司",
    "Date": "日期",
    "Document_Number": "文档编号",
    "Transaction_Type": "交易类型",
    "Functional_Currency": "本位币",
    "Voucher_Number": "凭证编号",
    "Line_Number": "行号",
    "Line_Description": "行摘要",
    "Account_and_Description": "会计科目",
    "Transaction_Currency": "原币",
    "Rate": "汇率",
    "Debit": "借方",
    "Credit": "贷方",
    "Total": "合计",
    "Created_by": "记账",
    "Approved_by": "审核",
    "Post_by": "制单",
    "Creator": "记账人",
    "Approver": "审核人",
    "Poster": "制单人",
    "Attachment": "附件张数",
    "Page": "页码",
    "Posting_Period": "过账期间",
    "Voucher_Printing_Report": "中国凭证打印报表",
    "Refresh": "刷新",
    "Print": "打印",
    "Company": "公司",
    "Voucher_No_From": "凭证编号始于",
    "To": "至",
    "Period_From": "期间  自",
    "Date_From": "日期  自",
    "Select_Page": "当前页",
    "Transactions_Per_Page": "每页显示数量",
    "Voucher_Setup": "管理记账/审核/制单人",
    "Voucher_Setup_Subsidiary": "核算单位",
    "Voucher_Setup_Sublist": "行",
    "Voucher_Setup_TranType": "交易类型",
    "Voucher_Setup_Type": "类型",
    "Voucher_Setup_User": "用户",
    "Voucher_Setup_Start_Date": "生效日期",
    "Voucher_Setup_End_Date": "结束日期",
    "Voucher_Btn_Save": "保存",
    "Voucher_Btn_Cancel": "取消",
    "Print_Voucher": "打印凭证",
    "Single_Currency": "单币",
    "Multiple_Currencies": "复币",
    "Printing_Template": "打印模板",
    "Print_Location":"打印地点",
    "Print_Department":"打印部门",
    "Print_Class":"打印类别"
}
