{
    "Subsidiary": "Subsidiary",
	"Company": "Company",
    "Colon": ": ",
    "Refresh": "Refresh",
    "DateFrom": "Date From",
    "To": "To",
    "AccountFrom": "Account From",
    "AccountLevel": "Account Level",
    "atbl": "China Account Balance",
	 "ToFirst": "Only Top Accounts",
    "ToLast": "All Accounts and Subaccounts",
	"OnlyLast": "Only Last Subaccounts",
    "Account": "Account",
    "OpenBalanceDirection":"Debit/Credit",
    "OpenBalanceAmount":"Amount",
    "DebitAmount":"Debit",
    "CreditAmount":"Credit",
    "CloseBalanceDirection":"Debit/Credit",
    "CloseBalanceAmount":"Amount",
    "Debit":"Debit",
    "Credit":"Credit",
    "Balance":"Balanced",
    "ReportTitle":"Account Balance",
    "Currency":"Currency: ",
    "OpeningBalance":"Opening Balance",
    "ClosingBalance":"Closing Balance",
    "CurrentPeriod":"Current Period",
    "exportexcel": "Export Excel",
    "exportpdf": "Export PDF",
	"PrintBy": "Print By: ",
	"PrintTime": "Print Time: ",
	"Page": "Page: ",
    "Location": "Location",
    "Department" : "Department",
    "Clasz" : "Class",
    "Consolidated" : "(Consolidated)"
}
