{
	"CashFlowStatement": "China Cash Flow Statement",
	"ReportTitle": "Cash Flow Statement",
	"Subsidiary": "Subsidiary",
	"Refresh": "Refresh",
	"ExportPDF": "Export PDF",
	"ExportExcel": "Export Excel",
	"Company": "Company",
	"Period": "Period",
	"Preparedby": "Prepared by",
	"Formname": "Form 03",
	"CurrencyCode": "Currency",
	"Unit": "Unit",
	"ReportUnit": "Unit",
	"UnitContent": "Unit",
	"ThousandUnit": "Thousand",
	"TenThousandUnit": "Ten Thousand",
	"Items": "Items",
	"Lines": "Lines",
	"CurrentPeriod": "Current Period",
	"PriorPeriod": "Prior Period",
	"Period_From": "Period From",
	"Period_To": "To",
	"exportName": "Cash Flow Statement",
	"location": "Location",
	"department": "Department",
	"class": "Class",
	"errorTitle": "Error",
	"errorExportPDF": "Error occurred when exporting PDF file.",
	"nullPeriod": "Accounting Period is not defined for this fiscal calendar. Go to Setup > Accounting > Manage Accounting Periods and set up or assign the period you need.",
	"PeriodRangeCrossFiscalYear": "Please enter a valid period range. Dates selected should not cross over to another fiscal year.",
	"data": {
		"CashflowFromOperatingActivities": {
			"isBold": "True",
			"label": "1.Cash flows from operating activities:",
			"center": "False",
			"padding": "False"
		},
		"CashReceivedForTheSaleOfGoodsAndServicesEM": {
			"isBold": "False",
			"label": "Cash received for the sale of goods and services(external merchants)",
			"center": "False",
			"padding": "True",
			"id": "1"
		},
		"CashReceivedForTheSaleOfGoodsAndServicesIM": {
			"isBold": "False",
			"label": "Cash received for the sale of goods and services(internal merchants)",
			"center": "False",
			"padding": "True",
			"id": "2"
		},
		"TaxRefund": {
			"isBold": "False",
			"label": "Tax Refund",
			"center": "False",
			"padding": "True",
			"id": "3"
		},
		"GovernmentSubsidyCollection": {
			"isBold": "False",
			"label": "Government subsidy collection",
			"center": "False",
			"padding": "True",
			"id": "4"
		},
		"DepositInterestCollection": {
			"isBold": "False",
			"label": "Deposit interest collection",
			"center": "False",
			"padding": "True",
			"id": "5"
		},
		"Donate": {
			"isBold": "False",
			"label": "Donate",
			"center": "False",
			"padding": "True",
			"id": "6"
		},
		"Deposit": {
			"isBold": "False",
			"label": "Deposit",
			"center": "False",
			"padding": "True",
			"id": "7"
		},
		"InsuranceClaims": {
			"isBold": "False",
			"label": "Insurance claims",
			"center": "False",
			"padding": "True",
			"id": "8"
		},
		"MaternityBenefits": {
			"isBold": "False",
			"label": "Maternity benefits",
			"center": "False",
			"padding": "True",
			"id": "9"
		},
		"ReceivedOtherCashRelatedToBusinessActivitiesEMECT": {
			"isBold": "False",
			"label": "Received other cash related to business activities (external merchants): external company transactions",
			"center": "False",
			"padding": "True",
			"id": "10"
		},
		"Fine income": {
			"isBold": "False",
			"label": "Fine income",
			"center": "False",
			"padding": "True",
			"id": "11"
		},
		"Loan": {
			"isBold": "False",
			"label": "Loan",
			"center": "False",
			"padding": "True",
			"id": "12"
		},
		"ReceivedOtherCashRelatedToOperatingActivitiesEMCO": {
			"isBold": "False",
			"label": "Received other cash related to operating activities (external merchant contacts): Other",
			"center": "False",
			"padding": "True",
			"id": "13"
		},
		"CollectionOfValueAddedTax": {
			"isBold": "False",
			"label": "Collection of value added tax",
			"center": "False",
			"padding": "True",
			"id": "14"
		},
		"CollectionOfParentCompanyStockPurchasePayment": {
			"isBold": "False",
			"label": "Collection of parent company stock purchase payment",
			"center": "False",
			"padding": "True",
			"id": "15"
		},
		"ReceivedOtherCashRelatedToBusinessActivitiesEM": {
			"isBold": "True",
			"label": "Received other cash related to business activities (external merchants)",
			"center": "True",
			"padding": "False"
		},
		"ReceivedOtherCashRelatedToBusinessActivitiesICCFC": {
			"isBold": "False",
			"label": "Received other cash related to business activities (internal customer contacts): fund collection",
			"center": "False",
			"padding": "True",
			"id": "16"
		},
		"ReceivedOtherCashRelatedToOperatingActivitiesICCITF": {
			"isBold": "False",
			"label": "Received other cash related to operating activities (internal customer contacts): internal transaction formation",
			"center": "False",
			"padding": "True",
			"id": "17"
		},
		"ReceivedOtherCashRelatedToBusinessActivitiesIM": {
			"isBold": "True",
			"label": "Received other cash related to operating activities (internal Merchants)",
			"center": "True",
			"padding": "False"
		},
		"SubtotalOfCashInflowFromOperatingActivities": {
			"isBold": "True",
			"label": "Subtotal of cash inflow from operating activities",
			"center": "True",
			"padding": "False"
		},
		
		"CashForThePurchaseOfGoodsAndLaborServicesEMIMCAC": {
			"isBold": "False",
			"label": "Cash for the purchase of goods and labor services (external merchants) (including manufacturing costs and costs)",
			"center": "False",
			"padding": "True",
			"id": "18"
		},
		"CashForThePurchaseOfGoodsAndLaborServicesIM": {
			"isBold": "False",
			"label": "Cash for the purchase of goods and labor services (internal merchants)",
			"center": "False",
			"padding": "True",
			"id": "19"
		},
		"PayTheCurrentYear (the fee is charged in the current year)": {
			"isBold": "False",
			"label": "Pay the current year (the fee is charged in the current year)",
			"center": "False",
			"padding": "True",
			"id": "19"
		},
		"TotalCashOutflowsFromOperatingActivities": {
			"isBold": "True",
			"label": "Total cash outflows from operating activities",
			"center": "True",
			"padding": "False"
		},
		"NetCashFlowsFromOperatingActivities": {
			"isBold": "True",
			"label": "Net cash flows from operating activities",
			"center": "True",
			"padding": "False"
		},
		"CashFlowsFromInvestingActivities": {
			"isBold": "True",
			"label": "2.Cash flows from investing activities:",
			"center": "False",
			"padding": "False"
		},
		"CashReceivedFromWithdrawOfInvestments": {
			"isBold": "False",
			"label": "Cash received from withdraw of investments",
			"center": "False",
			"padding": "True",
			"id": "8"
		},
		"CashReceivedFromInvestmentIncome": {
			"isBold": "False",
			"label": "Cash received from investment income",
			"center": "False",
			"padding": "True",
			"id": "9"
		},
		"NetCashReceivedFromDisposalOfFixedAssets": {
			"isBold": "False",
			"label": "Net cash received from disposal of fixed assets, intangible assets and other long-term assets",
			"center": "False",
			"padding": "True",
			"id": "10"
		},
		"NetCashReceivedFromDisposalOfSubsidiariesAndOtherBusinessUnits": {
			"isBold": "False",
			"label": "Net cash received from disposal of subsidiaries and other business units",
			"center": "False",
			"padding": "True",
			"id": "11"
		},
		"OtherCashReceiptsRelatedToInvestingActivities": {
			"isBold": "False",
			"label": "Other cash receipts related to investing activities",
			"center": "False",
			"padding": "True",
			"id": "12"
		},
		"TotalCashInflowsFromInvestingActivities": {
			"isBold": "True",
			"label": "Total cash inflows from investing activities",
			"center": "True",
			"padding": "False"
		},
		"CashPaidForFixedAssets": {
			"isBold": "False",
			"label": "Cash paid for fixed assets, intangible assets and other long-term assets",
			"center": "False",
			"padding": "True",
			"id": "13"
		},
		"CashPaymentsForInvestments": {
			"isBold": "False",
			"label": "Cash payments for investments",
			"center": "False",
			"padding": "True",
			"id": "14"
		},
		"NetCashPaidForAcquiringSubsidiariesAndOtherBusinessUnits": {
			"isBold": "False",
			"label": "Net cash paid for acquiring subsidiaries and other business units",
			"center": "False",
			"padding": "True",
			"id": "15"
		},
		"OtherCashPaymentsRelatedToInvestingActivities": {
			"isBold": "False",
			"label": "Other cash payments related to investing activities",
			"center": "False",
			"padding": "True",
			"id": "16"
		},
		"TotalCashOutflowsFromInvestingActivities": {
			"isBold": "True",
			"label": "Total cash outflows from investing activities",
			"center": "True",
			"padding": "False"
		},
		"NetCashFlowsFromInvestingActivities": {
			"isBold": "True",
			"label": "Net cash flows from investing activities",
			"center": "True",
			"padding": "False"
		},
		"CashFlowsFromFinancingActivities": {
			"isBold": "True",
			"label": "3.Cash flows from financing activities:",
			"center": "False",
			"padding": "False"
		},
		"CashReceivedFromInvestmentsByOthers": {
			"isBold": "False",
			"label": "Cash received from investments by others",
			"center": "False",
			"padding": "True",
			"id": "17"
		},
		"CashReceivedFromBorrowings": {
			"isBold": "False",
			"label": "Cash received from borrowings",
			"center": "False",
			"padding": "True",
			"id": "18"
		},
		"OtherCashReceiptsRelatedToOtherFinancingActivities": {
			"isBold": "False",
			"label": "Other cash receipts related to other financing activities",
			"center": "False",
			"padding": "True",
			"id": "19"
		},
		"TotalCashInflowsFromFinancingActivities": {
			"isBold": "True",
			"label": "Total cash inflows from financing activities",
			"center": "True",
			"padding": "False"
		},
		"CashRepaymentsForDebts": {
			"isBold": "False",
			"label": "Cash repayments for debts",
			"center": "False",
			"padding": "True",
			"id": "20"
		},
		"CashPaymentsForDistributionOfDividends": {
			"isBold": "False",
			"label": "Cash payments for distribution of dividends, profit and interest expenses",
			"center": "False",
			"padding": "True",
			"id": "21"
		},
		"OtherCashPaymentsRelatedToFinancingActivities": {
			"isBold": "False",
			"label": "Other cash payments related to financing activities",
			"center": "False",
			"padding": "True",
			"id": "22"
		},
		"TotalCashOutflowsFromFinancingActivities": {
			"isBold": "True",
			"label": "Total cash outflows from financing activities",
			"center": "True",
			"padding": "False"
		},
		"NetCashFlowsFromFinancingActivities": {
			"isBold": "True",
			"label": "Net cash flows from financing activities",
			"center": "True",
			"padding": "False"
		},
		"EffectOfForeignExchangeRateChangesOnCashAndCashEquivalents": {
			"isBold": "True",
			"label": "4.Effect of foreign exchange rate changes on cash and cash equivalents",
			"center": "False",
			"padding": "False"
		},
		"NetIncreaseInCashAndCashEquivalents": {
			"isBold": "True",
			"label": "5.Net increase in cash and cash equivalents",
			"center": "False",
			"padding": "False"
		},
		"Add": {
			"isBold": "False",
			"label": "Add: beginning balance of cash and cash equivalents",
			"center": "False",
			"padding": "True"
		},
		"EndingBalanceOfCashAndCashEquivalents": {
			"isBold": "True",
			"label": "6.Ending balance of cash and cash equivalents",
			"center": "False",
			"padding": "False"
		}
	}
}
