{
    "fieldLabel": {
        "subsidiary": "SUBSIDIARY",
        "vatinvoicetype": "VAT INVOICE TYPE",
        "datefrom": "DATE FROM",
        "dateto": "TO",
        "trantype": "TRANSACTION TYPE",
        "docnumfrom": "DOCUMENT NUMBER FROM",
        "docnumto": "TO",
        "customer": "CUSTOMER",
        "refresh": "Refresh",
        "exporttxt": "Export",
        "specialinvoice": "Special VAT Invoice",
        "commoninvoice": "Common VAT Invoice",
        "generaltaxpayer": "General taxpayer",
        "smalltaxpayer": "Small-scale taxpayer",
        "trantypeinvoice": "Invoice",
        "trantypecashsale": "Cash Sale",
        "trantypecreditmemo": "Credit Memo",
        "selectionanyof": "any of",
        "selectionnoneof": "none of",
        "title": "Generate China VAT Transactions",
        "editTitle": "China VAT Transactions",
        "fileupload": "FILE UPLOAD",
        "import": "Import",
        "importtxt": "Import",
        "back": "Go Back",
        "importtitle": "Import China VAT Invoices",
        "trantypecashrefund": "Cash Refund",
        "tabLabel": "China VAT",
        "sublistLabel": "VAT Invoices",
        "vatStatus": "Status",
        "vatInvoiceCode": "Invoice Code",
        "vatInvoiceNum": "Invoice Number",
        "vatInvoiceDate": "Invoice Date",
        "vatInvoiceTaxAmount": "Total Tax Amount",
        "vatInvoiceTaxExclusiveAmount": "Tax Exclusive Amount",
        "freight": "运费",
        "handling": "手续费",
        "saleslist": "Enable Sales list",
        "yes": "Yes",
        "no": "No",
        "itemnameforsales": "详见销货清单",
        "edittxt": "Merge",
        "editCancel": "Cancel",
        "editSave": "Save"
    },
    "subtab": {
        "transactionsHeader": "Primary Information",
        "transactionsLines": "Transactions Lines Information"
    },
    "exportfile": {
        "specialVATRemark": "开具红字增值税专用发票信息表编号{SheetNumber}",
        "commonVATRemark": "对应正数发票代码{VATCode}号码{VATNumber}"
    },
    "tableHeader": {
        "transactions": "Transactions",
        "internalId": "Internal ID",
        "tranType": "Transaction Type",
        "docNum": "Document Number",
        "docDate": "Document Date",
        "lineQuantity": "Line Quantity",
        "customerName": "Customer Name",
        "taxRegisNum": "Customer Tax Registration Number",
        "addressAndPhone": "Customer Address and Phone Number",
        "bankAccount": "Customer Bank Account",
        "remark": "Remark",
        "itemNameForSale": "Item name for sales list line",
        "message": "Messages",
        "CustInvc": "Invoice",
        "CashSale": "Cash Sale",
        "CustCred": "Credit Memo",
        "CashRfnd": "Cash Refund",
        "status": "Status",
        "type": "Transaction Type",
        "taxExclusiveAmount": "Tax Exclusive Amount",
        "amountAfterDiscount": "Amount after discount"
    },
    "button": {
        "merge": "Merge",
        "unmerge": "Unmerge",
        "select": "Select"
    },
    "itemHeader": {
        "items": "Items",
        "itemName": "Item Name",
        "uom": "UOM",
        "model": "Model",
        "quantity": "Quantity",
        "amount": "Tax Exclusive Amount",
        "unitPrice": "Unit Price",
        "taxRate": "Tax Rate",
        "discountAmount": "Discount Amount",
        "subsidiary": "Subsidiary"
    },
    "errorMessage": {
        "loading": "Loading...",
        "Error": "Error",
        "noFileSelected": "No file selected. Choose a file to upload.",
        "fileNotTxt": "Invalid file format. Select one fomatted as TXT file.",
        "invalidFormat": "Incorrect File Format. Select a VAT Invoice file with the correct format.",
        "internalIdCannotFound": "There are no transactions found for the VAT Invoices {Internal ID}.<br/>",
        "sameVatInfo": "The VAT Invoice {Internal ID} that you are attempting to import already exists in the system.<br/>",
        "noAppliedVAT": "Invalid Format. Please apply the Credit Memo or Cash Refund to the VAT Invoice first.",
        "moreThanOneAppliedVAT": "This Credit Memo can only be applied to one VAT Invoice.",
        "noVATInfo": "The invoice selected does not have VAT Information or has remarks that are in incorrect format.",
        "noChinaSubsidiary": "You have no subsidiaries in China. Go to <b>Setup > Company > Subsidiaries</b> to create one.",
        "noChinaSubsidiarySI": "Your current company is not located in China.",
        "invalidDate": "Select a start date that is earlier than the end date.",
        "fieldMissing": "Please enter value(s) for: <b>{Field}</b>.",
        "invalidCashSale": "Cash Sale Number is either incorrect or does not exist.",
        "invalidCashRefund": "Cash Sale Number has already been refunded.",
        "noDataExport": "No Search Results Match Your Criteria.",
        "invalidSheetNo": "The information sheet number should be 16 digits.",
        "exsitedSheetNo": "The information sheet number entered already exists.",
        "invalidInvoiceType": "Small-Scale Taxpayers cannot issue special VAT Invoices.",
        "customerName": "Customer Name",
        "customerTaxRegistrationNumber": "Customer Tax Registration Number",
        "customerAddressandPhoneNumber": "Customer Address and Phone Number",
        "customerBankAccount": "Customer Bank Account",
        "quantity": "Quantity",
        "invalidQuantity": "The quantity or amount does not match the selected VAT invoice.",
        "invalidAmount": "Discount should not exceed tax exclusive amount.",
        "expExceedGovernance": "Governance limit exceeded.",
        "impExceedGovernance": "The VAT invoices exceed the governance,please reimport the file from VAT Invoice {Internal ID}.",
        "pageTimeout": "Export request has timed out.",
        "vatNumberExceed": "The number of VAT Invoices have exceeded the limit. Please import fifty (50) invoices per file.",
        "noEditableData": "No valid transactions to edit. Please check and correct the transactions according to the messages.",
        "sheetNoIsBlank": "The invoice selected does not have VAT <b>Information Sheet Number</b> or has remarks that are in incorrect format."
    },
    "warningMessage": {
        "warning": "Warning",
        "invoiceEditWarningTitle": "Edit Warning",
        "invoiceEditWarning": "The transaction has already been exported for VAT invoicing.",
        "lengthExceed": "The value for {fieldname} has exceeded the {length} limit.",
        "okOrCancel": "Click <b>Cancel</b> to stop exporting or click <b>OK</b> to proceed."
    },
    "summaryMessage": {
        "summaryLine": "<b>Import Complete.</b><br/><br/>Result:<br/>{NumberA} Successful<br/>{NumberB} Failed<br/><br/>{DETAILS}"
    },
    "status": {
        "split": "Split",
        "consolidated": "Consolidated"
    }
}
