{
  "Subsidiary": "Subsidiary",
  "Company": "Company",
  "Colon": ": ",
  "Refresh": "Refresh",
  "DateFrom": "Date From",
  "PeriodFrom": "Period From",
  "To": "To",
  "AccountFrom": "Account From",
  "cbjl": "China Cash & Bank Journal Ledger",
  "Account": "Account",
  "Type": "Type",
  "DocumentNumber": "Document Number",
  "GLNumber": "GL#",
  "Date": "Date",
  "Memo": "Memo",
  "DebitAmount":"Debit",
  "CreditAmount":"Credit",
  "BalanceDirection":"Debit/Credit",
  "BalanceAmount":"Amount",
  "ClosingBalance":"Balance",
  "Debit":"Debit",
  "Credit":"Credit",
  "Balance":"Balanced",
  "OpeningBalance":"Opening Balance",
  "ReportTitle":"Cash & Bank Journal Ledger",
  "Currency":"Currency: ",
  "exportexcel": "Export Excel",
  "exportpdf": "Export PDF",
  "PrintBy": "Print By: ",
  "PrintTime": "Print Time: ",
  "Page": "Page: ",
  "MonthlyTotal": "Monthly Total",
  "YearlyTotal": "Yearly Total",
  "DailyTotal": "Daily Total",
  "Total": "Total",
  "PaymentMethod":"Payment Method",
  "DocNumberNull": "None",
  "Location": "Location",
  "Department" : "Department",
  "Clasz" : "Class",
  "Consolidated" : "(Consolidated)"
}
