{
  "Subsidiary": "子公司",
  "Company": "公司",
  "Colon": "：",
  "Refresh": "刷新",
  "DateFrom": "日期自",
  "PeriodFrom": "期间自",
  "To":"至",
  "AccountFrom":"科目自",
  "cbjl":"中国现金银行日记账",
  "Account": "科目",
  "Type": "类型",
  "DocumentNumber": "文件号码",
  "GLNumber": "GL#",
  "Date": "日期",
  "Memo": "摘要",
  "DebitAmount":"借记",
  "CreditAmount":"贷记",
  "BalanceDirection":"方向",
  "BalanceAmount":"金额",
  "ClosingBalance":"余额",
  "Debit":"借",
  "Credit":"贷",
  "Balance":"平",
  "OpeningBalance":"期初余额",
  "ReportTitle":"现金银行日记账",
  "Currency":"币种：",
  "exportexcel": "导出Excel",
  "exportpdf": "导出PDF",
  "PrintBy": "打印人：",
  "PrintTime": "打印时间：",
  "Page": "页码：",
  "MonthlyTotal": "本月合计",
  "YearlyTotal": "本年累计",
  "DailyTotal": "本日合计",
  "Total": "总计",
  "PaymentMethod":"支付方式",
  "DocNumberNull": "无",
  "Location" : "地点",
  "Department" : "部门",
  "Clasz" : "类别",
  "Consolidated" : "(已综合)"
}
