{
    "Subsidiary": "子公司",
	"Company": "公司",
	"Colon": "：",
    "Refresh": "刷新",
    "DateFrom": "日期自",
    "To":"至",
    "AccountFrom":"科目自",
    "AccountLevel":"科目层级",
    "atbl":"中国科目余额表",
    "ToFirst": "至顶级",
    "ToLast": "至末级",
    "OnlyLast":"仅末级",
    "Account": "科目",
    "OpenBalanceDirection":"方向",
    "OpenBalanceAmount":"金额",
    "DebitAmount":"借方",
    "CreditAmount":"贷方",
    "CloseBalanceDirection":"方向",
    "CloseBalanceAmount":"金额",
    "Debit":"借",
    "Credit":"贷",
    "Balance":"平",
    "ReportTitle":"科目余额表",
    "Currency":"币种：",
    "OpeningBalance":"期初余额",
    "ClosingBalance":"期末余额",
    "CurrentPeriod":"本期发生额",
    "exportexcel": "导出Excel",
    "exportpdf": "导出PDF",
	"PrintBy": "打印人：",
	"PrintTime": "打印时间：",
	"Page": "页码：",
    "Location" : "地点",
    "Department" : "部门",
    "Clasz" : "类别",
    "Consolidated" : "(已综合)"
}
